"Country","Country.Code","Indicator.Code","Year","Agriculture","Carbon","Forest"
"Afghanistan","AFG","AG.LND.AGRI.ZS","1960",NA,414.371,NA
"Afghanistan","AFG","AG.LND.AGRI.ZS","1961",57.74591796,491.378,NA
"Afghanistan","AFG","AG.LND.AGRI.ZS","1962",57.83782128,689.396,NA
"Afghanistan","AFG","AG.LND.AGRI.ZS","1963",57.91440738,707.731,NA
"Afghanistan","AFG","AG.LND.AGRI.ZS","1964",58.01090586,839.743,NA
"Afghanistan","AFG","AG.LND.AGRI.ZS","1965",58.0139693,1008.425,NA
"Afghanistan","AFG","AG.LND.AGRI.ZS","1966",58.07217474,1092.766,NA
"Afghanistan","AFG","AG.LND.AGRI.ZS","1967",58.17326839,1283.45,NA
"Afghanistan","AFG","AG.LND.AGRI.ZS","1968",58.17480011,1224.778,NA
"Afghanistan","AFG","AG.LND.AGRI.ZS","1969",58.19930766,942.419,NA
"Afghanistan","AFG","AG.LND.AGRI.ZS","1970",58.21462488,1672.152,NA
"Afghanistan","AFG","AG.LND.AGRI.ZS","1971",58.26057654,1895.839,NA
"Afghanistan","AFG","AG.LND.AGRI.ZS","1972",58.27589376,1532.806,NA
"Afghanistan","AFG","AG.LND.AGRI.ZS","1973",58.2789572,1639.149,NA
"Afghanistan","AFG","AG.LND.AGRI.ZS","1974",58.2789572,1917.841,NA
"Afghanistan","AFG","AG.LND.AGRI.ZS","1975",58.2789572,2126.86,NA
"Afghanistan","AFG","AG.LND.AGRI.ZS","1976",58.2789572,1987.514,NA
"Afghanistan","AFG","AG.LND.AGRI.ZS","1977",58.28202065,2390.884,NA
"Afghanistan","AFG","AG.LND.AGRI.ZS","1978",58.28202065,2159.863,NA
"Afghanistan","AFG","AG.LND.AGRI.ZS","1979",58.28048893,2240.537,NA
"Afghanistan","AFG","AG.LND.AGRI.ZS","1980",58.28048893,1760.16,NA
"Afghanistan","AFG","AG.LND.AGRI.ZS","1981",58.28661581,1983.847,NA
"Afghanistan","AFG","AG.LND.AGRI.ZS","1982",58.28814754,2101.191,NA
"Afghanistan","AFG","AG.LND.AGRI.ZS","1983",58.28814754,2522.896,NA
"Afghanistan","AFG","AG.LND.AGRI.ZS","1984",58.28814754,2830.924,NA
"Afghanistan","AFG","AG.LND.AGRI.ZS","1985",58.28814754,3509.319,NA
"Afghanistan","AFG","AG.LND.AGRI.ZS","1986",58.28814754,3142.619,NA
"Afghanistan","AFG","AG.LND.AGRI.ZS","1987",58.27436204,3124.284,NA
"Afghanistan","AFG","AG.LND.AGRI.ZS","1988",58.26670343,2867.594,NA
"Afghanistan","AFG","AG.LND.AGRI.ZS","1989",58.26670343,2775.919,NA
"Afghanistan","AFG","AG.LND.AGRI.ZS","1990",58.26670343,2614.571,2.067824648
"Afghanistan","AFG","AG.LND.AGRI.ZS","1991",58.25138621,2438.555,2.067824648
"Afghanistan","AFG","AG.LND.AGRI.ZS","1992",58.25138621,1393.46,2.067824648
"Afghanistan","AFG","AG.LND.AGRI.ZS","1993",58.1043409,1345.789,2.067824648
"Afghanistan","AFG","AG.LND.AGRI.ZS","1994",57.91900254,1294.451,2.067824648
"Afghanistan","AFG","AG.LND.AGRI.ZS","1995",57.82709922,1243.113,2.067824648
"Afghanistan","AFG","AG.LND.AGRI.ZS","1996",57.8255675,1177.107,2.067824648
"Afghanistan","AFG","AG.LND.AGRI.ZS","1997",57.88377294,1096.433,2.067824648
"Afghanistan","AFG","AG.LND.AGRI.ZS","1998",58.00171553,1041.428,2.067824648
"Afghanistan","AFG","AG.LND.AGRI.ZS","1999",57.82709922,821.408,2.067824648
"Afghanistan","AFG","AG.LND.AGRI.ZS","2000",57.82709922,773.737,2.067824648
"Afghanistan","AFG","AG.LND.AGRI.ZS","2001",57.82709922,817.741,2.067824648
"Afghanistan","AFG","AG.LND.AGRI.ZS","2002",57.82709922,1070.764,2.067824648
"Afghanistan","AFG","AG.LND.AGRI.ZS","2003",58.06757957,1195.442,2.067824648
"Afghanistan","AFG","AG.LND.AGRI.ZS","2004",58.06911129,949.753,2.067824648
"Afghanistan","AFG","AG.LND.AGRI.ZS","2005",58.06757957,1327.454,2.067824648
"Afghanistan","AFG","AG.LND.AGRI.ZS","2006",58.06757957,1650.15,2.067824648
"Afghanistan","AFG","AG.LND.AGRI.ZS","2007",58.06757957,2273.54,2.067824648
"Afghanistan","AFG","AG.LND.AGRI.ZS","2008",58.06757957,4206.049,2.067824648
"Afghanistan","AFG","AG.LND.AGRI.ZS","2009",58.06757957,6769.282,2.067824648
"Afghanistan","AFG","AG.LND.AGRI.ZS","2010",58.06911129,8463.436,2.067824648
"Afghanistan","AFG","AG.LND.AGRI.ZS","2011",58.06757957,12240.446,2.067824648
"Afghanistan","AFG","AG.LND.AGRI.ZS","2012",58.06757957,10755.311,2.067824648
"Afghanistan","AFG","AG.LND.AGRI.ZS","2013",58.06757957,10014.577,2.067824648
"Afghanistan","AFG","AG.LND.AGRI.ZS","2014",58.06757957,9809.225,2.067824648
"Afghanistan","AFG","AG.LND.AGRI.ZS","2015",58.06757957,NA,2.067824648
"Afghanistan","AFG","AG.LND.AGRI.ZS","2016",58.06757957,NA,2.067824648
"Afghanistan","AFG","AG.LND.AGRI.ZS","2017",NA,NA,NA
"Afghanistan","AFG","AG.LND.AGRI.ZS","2018",NA,NA,NA
"Argentina","ARG","AG.LND.AGRI.ZS","1960",NA,48815.104,NA
"Argentina","ARG","AG.LND.AGRI.ZS","1961",50.3633952,51180.319,NA
"Argentina","ARG","AG.LND.AGRI.ZS","1962",49.85365533,53695.881,NA
"Argentina","ARG","AG.LND.AGRI.ZS","1963",49.28398905,50083.886,NA
"Argentina","ARG","AG.LND.AGRI.ZS","1964",48.70738008,55727.399,NA
"Argentina","ARG","AG.LND.AGRI.ZS","1965",48.15306081,58866.351,NA
"Argentina","ARG","AG.LND.AGRI.ZS","1966",47.84904392,63138.406,NA
"Argentina","ARG","AG.LND.AGRI.ZS","1967",47.39411479,65543.958,NA
"Argentina","ARG","AG.LND.AGRI.ZS","1968",47.22310528,69082.613,NA
"Argentina","ARG","AG.LND.AGRI.ZS","1969",47.24758741,77329.696,NA
"Argentina","ARG","AG.LND.AGRI.ZS","1970",47.23954851,82734.854,NA
"Argentina","ARG","AG.LND.AGRI.ZS","1971",47.19350749,88939.418,NA
"Argentina","ARG","AG.LND.AGRI.ZS","1972",47.14746646,90156.862,NA
"Argentina","ARG","AG.LND.AGRI.ZS","1973",47.10142544,94065.884,NA
"Argentina","ARG","AG.LND.AGRI.ZS","1974",47.05538442,95569.354,NA
"Argentina","ARG","AG.LND.AGRI.ZS","1975",47.0093434,94931.296,NA
"Argentina","ARG","AG.LND.AGRI.ZS","1976",46.96330238,99786.404,NA
"Argentina","ARG","AG.LND.AGRI.ZS","1977",46.91726136,100791.162,NA
"Argentina","ARG","AG.LND.AGRI.ZS","1978",46.87122034,102639.33,NA
"Argentina","ARG","AG.LND.AGRI.ZS","1979",46.82517932,110703.063,NA
"Argentina","ARG","AG.LND.AGRI.ZS","1980",46.7791383,108737.551,NA
"Argentina","ARG","AG.LND.AGRI.ZS","1981",46.73309728,102041.609,NA
"Argentina","ARG","AG.LND.AGRI.ZS","1982",47.05282659,103424.068,NA
"Argentina","ARG","AG.LND.AGRI.ZS","1983",47.00715097,105213.564,NA
"Argentina","ARG","AG.LND.AGRI.ZS","1984",46.96074455,106522.683,NA
"Argentina","ARG","AG.LND.AGRI.ZS","1985",46.91470353,100596.811,NA
"Argentina","ARG","AG.LND.AGRI.ZS","1986",46.86866251,104212.473,NA
"Argentina","ARG","AG.LND.AGRI.ZS","1987",46.7495405,114942.115,NA
"Argentina","ARG","AG.LND.AGRI.ZS","1988",46.54527915,121473.042,NA
"Argentina","ARG","AG.LND.AGRI.ZS","1989",46.57816559,117090.977,NA
"Argentina","ARG","AG.LND.AGRI.ZS","1990",46.61287906,112147.861,12.7135335
"Argentina","ARG","AG.LND.AGRI.ZS","1991",46.64759253,117098.311,12.60635995
"Argentina","ARG","AG.LND.AGRI.ZS","1992",46.682306,121352.031,12.4991864
"Argentina","ARG","AG.LND.AGRI.ZS","1993",46.71701947,117927.053,12.39201428
"Argentina","ARG","AG.LND.AGRI.ZS","1994",46.75282915,122408.127,12.28484073
"Argentina","ARG","AG.LND.AGRI.ZS","1995",46.78827343,127963.632,12.17766718
"Argentina","ARG","AG.LND.AGRI.ZS","1996",46.8237177,135000.605,12.07049363
"Argentina","ARG","AG.LND.AGRI.ZS","1997",46.85770036,138003.878,11.9633208
"Argentina","ARG","AG.LND.AGRI.ZS","1998",46.89241383,139815.376,11.85614725
"Argentina","ARG","AG.LND.AGRI.ZS","1999",46.92237703,146984.361,11.74897441
"Argentina","ARG","AG.LND.AGRI.ZS","2000",46.95818671,142136.587,11.64180086
"Argentina","ARG","AG.LND.AGRI.ZS","2001",46.99326559,133720.822,11.51946301
"Argentina","ARG","AG.LND.AGRI.ZS","2002",47.0312677,124714.67,11.39712587
"Argentina","ARG","AG.LND.AGRI.ZS","2003",47.8254753,135062.944,11.27478801
"Argentina","ARG","AG.LND.AGRI.ZS","2004",49.09032444,157589.325,11.15245087
"Argentina","ARG","AG.LND.AGRI.ZS","2005",50.35188494,162110.736,11.03011302
"Argentina","ARG","AG.LND.AGRI.ZS","2006",51.56009632,175436.614,10.91391425
"Argentina","ARG","AG.LND.AGRI.ZS","2007",52.63036734,175176.257,10.79771549
"Argentina","ARG","AG.LND.AGRI.ZS","2008",52.71367966,189107.19,10.68151672
"Argentina","ARG","AG.LND.AGRI.ZS","2009",52.54230476,179961.692,10.56531796
"Argentina","ARG","AG.LND.AGRI.ZS","2010",53.89028352,187919.082,10.44911919
"Argentina","ARG","AG.LND.AGRI.ZS","2011",54.18260746,191633.753,10.34066672
"Argentina","ARG","AG.LND.AGRI.ZS","2012",54.53814645,192356.152,10.23221497
"Argentina","ARG","AG.LND.AGRI.ZS","2013",54.51804918,189851.591,10.1237625
"Argentina","ARG","AG.LND.AGRI.ZS","2014",54.33571212,204024.546,10.01531075
"Argentina","ARG","AG.LND.AGRI.ZS","2015",54.33571212,NA,9.906858285
"Argentina","ARG","AG.LND.AGRI.ZS","2016",54.33571212,NA,9.798405818
"Argentina","ARG","AG.LND.AGRI.ZS","2017",NA,NA,NA
"Argentina","ARG","AG.LND.AGRI.ZS","2018",NA,NA,NA
"Belgium","BEL","AG.LND.AGRI.ZS","1960",NA,91000.272,NA
"Belgium","BEL","AG.LND.AGRI.ZS","1961",NA,92793.435,NA
"Belgium","BEL","AG.LND.AGRI.ZS","1962",NA,98117.919,NA
"Belgium","BEL","AG.LND.AGRI.ZS","1963",NA,105781.949,NA
"Belgium","BEL","AG.LND.AGRI.ZS","1964",NA,103662.423,NA
"Belgium","BEL","AG.LND.AGRI.ZS","1965",NA,105440.918,NA
"Belgium","BEL","AG.LND.AGRI.ZS","1966",NA,105206.23,NA
"Belgium","BEL","AG.LND.AGRI.ZS","1967",NA,107472.436,NA
"Belgium","BEL","AG.LND.AGRI.ZS","1968",NA,118557.777,NA
"Belgium","BEL","AG.LND.AGRI.ZS","1969",NA,123618.237,NA
"Belgium","BEL","AG.LND.AGRI.ZS","1970",NA,125620.419,NA
"Belgium","BEL","AG.LND.AGRI.ZS","1971",NA,121528.047,NA
"Belgium","BEL","AG.LND.AGRI.ZS","1972",NA,130834.893,NA
"Belgium","BEL","AG.LND.AGRI.ZS","1973",NA,138872.957,NA
"Belgium","BEL","AG.LND.AGRI.ZS","1974",NA,135220.625,NA
"Belgium","BEL","AG.LND.AGRI.ZS","1975",NA,122100.099,NA
"Belgium","BEL","AG.LND.AGRI.ZS","1976",NA,130009.818,NA
"Belgium","BEL","AG.LND.AGRI.ZS","1977",NA,126570.172,NA
"Belgium","BEL","AG.LND.AGRI.ZS","1978",NA,135855.016,NA
"Belgium","BEL","AG.LND.AGRI.ZS","1979",NA,140233.414,NA
"Belgium","BEL","AG.LND.AGRI.ZS","1980",NA,135301.299,NA
"Belgium","BEL","AG.LND.AGRI.ZS","1981",NA,124021.607,NA
"Belgium","BEL","AG.LND.AGRI.ZS","1982",NA,117553.019,NA
"Belgium","BEL","AG.LND.AGRI.ZS","1983",NA,101630.905,NA
"Belgium","BEL","AG.LND.AGRI.ZS","1984",NA,105422.583,NA
"Belgium","BEL","AG.LND.AGRI.ZS","1985",NA,104472.83,NA
"Belgium","BEL","AG.LND.AGRI.ZS","1986",NA,102874.018,NA
"Belgium","BEL","AG.LND.AGRI.ZS","1987",NA,103116.04,NA
"Belgium","BEL","AG.LND.AGRI.ZS","1988",NA,100354.789,NA
"Belgium","BEL","AG.LND.AGRI.ZS","1989",NA,107461.435,NA
"Belgium","BEL","AG.LND.AGRI.ZS","1990",NA,106049.64,NA
"Belgium","BEL","AG.LND.AGRI.ZS","1991",NA,110959.753,NA
"Belgium","BEL","AG.LND.AGRI.ZS","1992",NA,111968.178,NA
"Belgium","BEL","AG.LND.AGRI.ZS","1993",NA,107652.119,NA
"Belgium","BEL","AG.LND.AGRI.ZS","1994",NA,112334.878,NA
"Belgium","BEL","AG.LND.AGRI.ZS","1995",NA,112327.544,NA
"Belgium","BEL","AG.LND.AGRI.ZS","1996",NA,118059.065,NA
"Belgium","BEL","AG.LND.AGRI.ZS","1997",NA,115341.818,NA
"Belgium","BEL","AG.LND.AGRI.ZS","1998",NA,118374.427,NA
"Belgium","BEL","AG.LND.AGRI.ZS","1999",NA,114260.053,NA
"Belgium","BEL","AG.LND.AGRI.ZS","2000",45.89167687,115118.131,22.03764821
"Belgium","BEL","AG.LND.AGRI.ZS","2001",45.79920901,114527.744,22.08322301
"Belgium","BEL","AG.LND.AGRI.ZS","2002",45.87516432,107311.088,22.12879781
"Belgium","BEL","AG.LND.AGRI.ZS","2003",45.97754132,112914.264,22.1743726
"Belgium","BEL","AG.LND.AGRI.ZS","2004",45.94782196,111102.766,22.2199474
"Belgium","BEL","AG.LND.AGRI.ZS","2005",45.67371202,108510.197,22.2655222
"Belgium","BEL","AG.LND.AGRI.ZS","2006",45.57463672,107072.733,22.31175613
"Belgium","BEL","AG.LND.AGRI.ZS","2007",45.14200873,103545.079,22.35799207
"Belgium","BEL","AG.LND.AGRI.ZS","2008",45.08916938,104443.494,22.40422802
"Belgium","BEL","AG.LND.AGRI.ZS","2009",45.03302429,99863.411,22.45046195
"Belgium","BEL","AG.LND.AGRI.ZS","2010",44.7721252,110824.074,22.49669789
"Belgium","BEL","AG.LND.AGRI.ZS","2011",44.11162322,99944.085,22.51122902
"Belgium","BEL","AG.LND.AGRI.ZS","2012",43.98943197,95107.312,22.52576014
"Belgium","BEL","AG.LND.AGRI.ZS","2013",44.13804491,96970.148,22.54029127
"Belgium","BEL","AG.LND.AGRI.ZS","2014",43.96631601,93350.819,22.55482239
"Belgium","BEL","AG.LND.AGRI.ZS","2015",43.85733157,NA,22.56935351
"Belgium","BEL","AG.LND.AGRI.ZS","2016",44.61030544,NA,22.58388464
"Brazil","BRA","AG.LND.AGRI.ZS","1960",NA,46908.264,NA
"Brazil","BRA","AG.LND.AGRI.ZS","1961",18.01010751,49203.806,NA
"Brazil","BRA","AG.LND.AGRI.ZS","1962",18.65403068,53695.881,NA
"Brazil","BRA","AG.LND.AGRI.ZS","1963",19.32379692,55617.389,NA
"Brazil","BRA","AG.LND.AGRI.ZS","1964",19.86578354,56735.824,NA
"Brazil","BRA","AG.LND.AGRI.ZS","1965",20.38671283,56398.46,NA
"Brazil","BRA","AG.LND.AGRI.ZS","1966",20.94891926,64304.512,NA
"Brazil","BRA","AG.LND.AGRI.ZS","1967",21.48671834,66193.017,NA
"Brazil","BRA","AG.LND.AGRI.ZS","1968",22.16079176,77421.371,NA
"Brazil","BRA","AG.LND.AGRI.ZS","1969",23.18434484,84315.331,NA
"Brazil","BRA","AG.LND.AGRI.ZS","1970",23.37804823,93761.523,NA
"Brazil","BRA","AG.LND.AGRI.ZS","1971",23.88473991,102635.663,NA
"Brazil","BRA","AG.LND.AGRI.ZS","1972",24.26819843,114362.729,NA
"Brazil","BRA","AG.LND.AGRI.ZS","1973",24.63000141,132463.041,NA
"Brazil","BRA","AG.LND.AGRI.ZS","1974",25.13035197,143456.707,NA
"Brazil","BRA","AG.LND.AGRI.ZS","1975",25.53391065,151164.741,NA
"Brazil","BRA","AG.LND.AGRI.ZS","1976",25.84390786,155154.437,NA
"Brazil","BRA","AG.LND.AGRI.ZS","1977",26.14816215,162961.48,NA
"Brazil","BRA","AG.LND.AGRI.ZS","1978",26.32631183,176925.416,NA
"Brazil","BRA","AG.LND.AGRI.ZS","1979",26.62231071,188322.452,NA
"Brazil","BRA","AG.LND.AGRI.ZS","1980",26.83348209,187090.34,NA
"Brazil","BRA","AG.LND.AGRI.ZS","1981",27.01845147,171806.284,NA
"Brazil","BRA","AG.LND.AGRI.ZS","1982",27.29506804,172176.651,NA
"Brazil","BRA","AG.LND.AGRI.ZS","1983",27.37702407,166632.147,NA
"Brazil","BRA","AG.LND.AGRI.ZS","1984",27.50899123,168806.678,NA
"Brazil","BRA","AG.LND.AGRI.ZS","1985",27.64263341,181248.809,NA
"Brazil","BRA","AG.LND.AGRI.ZS","1986",28.00323996,198883.412,NA
"Brazil","BRA","AG.LND.AGRI.ZS","1987",28.21094167,207530.198,NA
"Brazil","BRA","AG.LND.AGRI.ZS","1988",28.4377864,209363.698,NA
"Brazil","BRA","AG.LND.AGRI.ZS","1989",28.64656491,214024.455,NA
"Brazil","BRA","AG.LND.AGRI.ZS","1990",28.90690991,208886.988,65.40988785
"Brazil","BRA","AG.LND.AGRI.ZS","1991",29.30568284,219330.604,65.10561859
"Brazil","BRA","AG.LND.AGRI.ZS","1992",29.51721316,220705.729,64.80135682
"Brazil","BRA","AG.LND.AGRI.ZS","1993",29.84671231,230738.641,64.49708757
"Brazil","BRA","AG.LND.AGRI.ZS","1994",30.08061602,242154.012,64.1928258
"Brazil","BRA","AG.LND.AGRI.ZS","1995",30.9245837,258347.484,63.88855654
"Brazil","BRA","AG.LND.AGRI.ZS","1996",30.99002888,284782.887,63.58428729
"Brazil","BRA","AG.LND.AGRI.ZS","1997",31.05547406,300547.32,63.28002552
"Brazil","BRA","AG.LND.AGRI.ZS","1998",31.1207996,312289.054,62.97575627
"Brazil","BRA","AG.LND.AGRI.ZS","1999",31.19820917,320173.104,62.67149076
"Brazil","BRA","AG.LND.AGRI.ZS","2000",31.27561874,327983.814,62.36722524
"Brazil","BRA","AG.LND.AGRI.ZS","2001",31.52196541,337433.673,62.01930094
"Brazil","BRA","AG.LND.AGRI.ZS","2002",31.80946957,332266.87,61.67137665
"Brazil","BRA","AG.LND.AGRI.ZS","2003",32.12066321,321621.569,61.32345235
"Brazil","BRA","AG.LND.AGRI.ZS","2004",32.55891861,337826.042,60.97552805
"Brazil","BRA","AG.LND.AGRI.ZS","2005",32.5948828,347308.904,60.62760375
"Brazil","BRA","AG.LND.AGRI.ZS","2006",32.6369264,347668.27,60.42957075
"Brazil","BRA","AG.LND.AGRI.ZS","2007",32.49981455,363212.683,60.23153402
"Brazil","BRA","AG.LND.AGRI.ZS","2008",32.72259139,387631.236,60.03350102
"Brazil","BRA","AG.LND.AGRI.ZS","2009",32.72737714,367147.374,59.83546429
"Brazil","BRA","AG.LND.AGRI.ZS","2010",32.71816457,419754.156,59.63743129
"Brazil","BRA","AG.LND.AGRI.ZS","2011",32.94668431,439412.943,59.51970175
"Brazil","BRA","AG.LND.AGRI.ZS","2012",32.97468097,470028.726,59.40197221
"Brazil","BRA","AG.LND.AGRI.ZS","2013",33.44787237,503677.118,59.28424267
"Brazil","BRA","AG.LND.AGRI.ZS","2014",33.9284817,529808.16,59.16651312
"Brazil","BRA","AG.LND.AGRI.ZS","2015",33.98878219,NA,59.04878358
"Brazil","BRA","AG.LND.AGRI.ZS","2016",33.92453345,NA,58.93105404
"Brazil","BRA","AG.LND.AGRI.ZS","2017",NA,NA,NA
"Brazil","BRA","AG.LND.AGRI.ZS","2018",NA,NA,NA
"Cameroon","CMR","AG.LND.AGRI.ZS","1960",NA,271.358,NA
"Cameroon","CMR","AG.LND.AGRI.ZS","1961",15.88711895,282.359,NA
"Cameroon","CMR","AG.LND.AGRI.ZS","1962",16.01404667,289.693,NA
"Cameroon","CMR","AG.LND.AGRI.ZS","1963",16.11981976,300.694,NA
"Cameroon","CMR","AG.LND.AGRI.ZS","1964",16.24674748,337.364,NA
"Cameroon","CMR","AG.LND.AGRI.ZS","1965",16.37367519,311.695,NA
"Cameroon","CMR","AG.LND.AGRI.ZS","1966",16.50060291,344.698,NA
"Cameroon","CMR","AG.LND.AGRI.ZS","1967",16.64868524,458.375,NA
"Cameroon","CMR","AG.LND.AGRI.ZS","1968",16.75445834,506.046,NA
"Cameroon","CMR","AG.LND.AGRI.ZS","1969",16.86023143,572.052,NA
"Cameroon","CMR","AG.LND.AGRI.ZS","1970",16.87715513,638.058,NA
"Cameroon","CMR","AG.LND.AGRI.ZS","1971",16.98292822,810.407,NA
"Cameroon","CMR","AG.LND.AGRI.ZS","1972",17.12466417,861.745,NA
"Cameroon","CMR","AG.LND.AGRI.ZS","1973",17.26216919,898.415,NA
"Cameroon","CMR","AG.LND.AGRI.ZS","1974",17.51602462,975.422,NA
"Cameroon","CMR","AG.LND.AGRI.ZS","1975",17.75930274,1162.439,NA
"Cameroon","CMR","AG.LND.AGRI.ZS","1976",18.00258086,1092.766,NA
"Cameroon","CMR","AG.LND.AGRI.ZS","1977",18.28605276,1565.809,NA
"Cameroon","CMR","AG.LND.AGRI.ZS","1978",18.34317023,2002.182,NA
"Cameroon","CMR","AG.LND.AGRI.ZS","1979",18.85299655,1829.833,NA
"Cameroon","CMR","AG.LND.AGRI.ZS","1980",18.89107487,3905.355,NA
"Cameroon","CMR","AG.LND.AGRI.ZS","1981",18.95453872,5342.819,NA
"Cameroon","CMR","AG.LND.AGRI.ZS","1982",19.06031182,6343.91,NA
"Cameroon","CMR","AG.LND.AGRI.ZS","1983",19.16608491,6589.599,NA
"Cameroon","CMR","AG.LND.AGRI.ZS","1984",19.27185801,6057.884,NA
"Cameroon","CMR","AG.LND.AGRI.ZS","1985",19.37763111,6475.922,NA
"Cameroon","CMR","AG.LND.AGRI.ZS","1986",19.52571344,1994.848,NA
"Cameroon","CMR","AG.LND.AGRI.ZS","1987",19.4834042,1844.501,NA
"Cameroon","CMR","AG.LND.AGRI.ZS","1988",19.4834042,2200.2,NA
"Cameroon","CMR","AG.LND.AGRI.ZS","1989",19.44109496,7634.694,NA
"Cameroon","CMR","AG.LND.AGRI.ZS","1990",19.39878572,1734.491,51.43957183
"Cameroon","CMR","AG.LND.AGRI.ZS","1991",19.35647649,1103.767,50.97417021
"Cameroon","CMR","AG.LND.AGRI.ZS","1992",19.37763111,3788.011,50.50876859
"Cameroon","CMR","AG.LND.AGRI.ZS","1993",19.37763111,3898.021,50.04336697
"Cameroon","CMR","AG.LND.AGRI.ZS","1994",19.37763111,3817.347,49.57796535
"Cameroon","CMR","AG.LND.AGRI.ZS","1995",19.37763111,4228.051,49.11256373
"Cameroon","CMR","AG.LND.AGRI.ZS","1996",19.37763111,4462.739,48.64716211
"Cameroon","CMR","AG.LND.AGRI.ZS","1997",19.37763111,3215.959,48.18176049
"Cameroon","CMR","AG.LND.AGRI.ZS","1998",19.37763111,3208.625,47.71635887
"Cameroon","CMR","AG.LND.AGRI.ZS","1999",19.37763111,3080.28,47.25095725
"Cameroon","CMR","AG.LND.AGRI.ZS","2000",19.37763111,3432.312,46.78555563
"Cameroon","CMR","AG.LND.AGRI.ZS","2001",19.37763111,3421.311,46.32015401
"Cameroon","CMR","AG.LND.AGRI.ZS","2002",19.37763111,3417.644,45.85475239
"Cameroon","CMR","AG.LND.AGRI.ZS","2003",19.37763111,3795.345,45.38935076
"Cameroon","CMR","AG.LND.AGRI.ZS","2004",19.4834042,3956.693,44.92394914
"Cameroon","CMR","AG.LND.AGRI.ZS","2005",19.48975059,3696.336,44.45854752
"Cameroon","CMR","AG.LND.AGRI.ZS","2006",19.48975059,3861.351,43.9931459
"Cameroon","CMR","AG.LND.AGRI.ZS","2007",19.48975059,5834.197,43.52774428
"Cameroon","CMR","AG.LND.AGRI.ZS","2008",19.59552368,5544.504,43.06234266
"Cameroon","CMR","AG.LND.AGRI.ZS","2009",19.70129678,6725.278,42.59694104
"Cameroon","CMR","AG.LND.AGRI.ZS","2010",20.51998054,6780.283,42.13153942
"Cameroon","CMR","AG.LND.AGRI.ZS","2011",20.62575363,5768.191,41.6661378
"Cameroon","CMR","AG.LND.AGRI.ZS","2012",20.62575363,6127.557,41.20073618
"Cameroon","CMR","AG.LND.AGRI.ZS","2013",20.62575363,6772.949,40.73533456
"Cameroon","CMR","AG.LND.AGRI.ZS","2014",20.62575363,7003.97,40.26993294
"Cameroon","CMR","AG.LND.AGRI.ZS","2015",20.62575363,NA,39.80453132
"Cameroon","CMR","AG.LND.AGRI.ZS","2016",20.62575363,NA,39.3391297
"Cameroon","CMR","AG.LND.AGRI.ZS","2017",NA,NA,NA
"Cameroon","CMR","AG.LND.AGRI.ZS","2018",NA,NA,NA
"Canada","CAN","AG.LND.AGRI.ZS","1960",NA,192895.201,NA
"Canada","CAN","AG.LND.AGRI.ZS","1961",7.678553166,194182.318,NA
"Canada","CAN","AG.LND.AGRI.ZS","1962",7.692629139,207185.5,NA
"Canada","CAN","AG.LND.AGRI.ZS","1963",7.706705112,211109.19,NA
"Canada","CAN","AG.LND.AGRI.ZS","1964",7.720671116,237801.283,NA
"Canada","CAN","AG.LND.AGRI.ZS","1965",7.734857057,252153.921,NA
"Canada","CAN","AG.LND.AGRI.ZS","1966",7.748823062,259319.239,NA
"Canada","CAN","AG.LND.AGRI.ZS","1967",7.709234388,281896.958,NA
"Canada","CAN","AG.LND.AGRI.ZS","1968",7.669535746,303539.592,NA
"Canada","CAN","AG.LND.AGRI.ZS","1969",7.629837104,307400.943,NA
"Canada","CAN","AG.LND.AGRI.ZS","1970",7.590138461,341485.708,NA
"Canada","CAN","AG.LND.AGRI.ZS","1971",7.550549788,352607.719,NA
"Canada","CAN","AG.LND.AGRI.ZS","1972",7.545271298,381136.979,NA
"Canada","CAN","AG.LND.AGRI.ZS","1973",7.540102777,381621.023,NA
"Canada","CAN","AG.LND.AGRI.ZS","1974",7.534934255,389970.782,NA
"Canada","CAN","AG.LND.AGRI.ZS","1975",7.529765734,397143.434,NA
"Canada","CAN","AG.LND.AGRI.ZS","1976",7.524597213,399317.965,NA
"Canada","CAN","AG.LND.AGRI.ZS","1977",7.468843164,408151.768,NA
"Canada","CAN","AG.LND.AGRI.ZS","1978",7.413089115,415896.472,NA
"Canada","CAN","AG.LND.AGRI.ZS","1979",7.357225098,442067.851,NA
"Canada","CAN","AG.LND.AGRI.ZS","1980",7.301471049,443233.957,NA
"Canada","CAN","AG.LND.AGRI.ZS","1981",7.245717,430003.421,NA
"Canada","CAN","AG.LND.AGRI.ZS","1982",7.288274825,414811.04,NA
"Canada","CAN","AG.LND.AGRI.ZS","1983",7.330942617,408687.15,NA
"Canada","CAN","AG.LND.AGRI.ZS","1984",7.373500442,425595.687,NA
"Canada","CAN","AG.LND.AGRI.ZS","1985",7.416168234,422079.034,NA
"Canada","CAN","AG.LND.AGRI.ZS","1986",7.45861609,405053.153,NA
"Canada","CAN","AG.LND.AGRI.ZS","1987",7.457186499,431349.21,NA
"Canada","CAN","AG.LND.AGRI.ZS","1988",7.455646939,456053.789,NA
"Canada","CAN","AG.LND.AGRI.ZS","1989",7.453887443,463274.112,NA
"Canada","CAN","AG.LND.AGRI.ZS","1990",7.452347883,435181.225,38.29907264
"Canada","CAN","AG.LND.AGRI.ZS","1991",7.450698355,426780.128,38.2938938
"Canada","CAN","AG.LND.AGRI.ZS","1992",7.457406436,440978.752,38.28871497
"Canada","CAN","AG.LND.AGRI.ZS","1993",7.464004548,445580.837,38.28353271
"Canada","CAN","AG.LND.AGRI.ZS","1994",7.470602661,456849.528,38.27835388
"Canada","CAN","AG.LND.AGRI.ZS","1995",7.477200773,467637.842,38.27317504
"Canada","CAN","AG.LND.AGRI.ZS","1996",7.483908854,479419.913,38.26799621
"Canada","CAN","AG.LND.AGRI.ZS","1997",7.471702346,495294.356,38.26281738
"Canada","CAN","AG.LND.AGRI.ZS","1998",7.459605807,506533.711,38.25763512
"Canada","CAN","AG.LND.AGRI.ZS","1999",7.447399299,515389.516,38.25245628
"Canada","CAN","AG.LND.AGRI.ZS","2000",7.43530276,534380.909,38.24727745
"Canada","CAN","AG.LND.AGRI.ZS","2001",7.423096252,527926.989,38.24230825
"Canada","CAN","AG.LND.AGRI.ZS","2002",7.42474578,519335.208,38.23733561
"Canada","CAN","AG.LND.AGRI.ZS","2003",7.426725214,553100.944,38.23236641
"Canada","CAN","AG.LND.AGRI.ZS","2004",7.428484711,552198.862,38.22739377
"Canada","CAN","AG.LND.AGRI.ZS","2005",7.430464144,557417.003,38.22242456
"Canada","CAN","AG.LND.AGRI.ZS","2006",7.252864955,543819.767,38.21639691
"Canada","CAN","AG.LND.AGRI.ZS","2007",7.179009913,554355.058,38.2103727
"Canada","CAN","AG.LND.AGRI.ZS","2008",7.105155301,561028.998,38.20434505
"Canada","CAN","AG.LND.AGRI.ZS","2009",7.031410228,536764.459,38.19832084
"Canada","CAN","AG.LND.AGRI.ZS","2010",6.957555615,534670.602,38.19229318
"Canada","CAN","AG.LND.AGRI.ZS","2011",6.883700573,537112.824,38.18716934
"Canada","CAN","AG.LND.AGRI.ZS","2012",6.885328194,517457.704,38.18204549
"Canada","CAN","AG.LND.AGRI.ZS","2013",6.886955814,517160.677,38.17691821
"Canada","CAN","AG.LND.AGRI.ZS","2014",6.888583005,537193.498,38.17179436
"Canada","CAN","AG.LND.AGRI.ZS","2015",6.890210625,NA,38.16667052
"Canada","CAN","AG.LND.AGRI.ZS","2016",6.891838245,NA,38.16154667
"Canada","CAN","AG.LND.AGRI.ZS","2017",NA,NA,NA
"Canada","CAN","AG.LND.AGRI.ZS","2018",NA,NA,NA
"India","IND","AG.LND.AGRI.ZS","1960",NA,120581.961,NA
"India","IND","AG.LND.AGRI.ZS","1961",58.84319536,130402.187,NA
"India","IND","AG.LND.AGRI.ZS","1962",59.35779415,143467.708,NA
"India","IND","AG.LND.AGRI.ZS","1963",59.24747493,154083.673,NA
"India","IND","AG.LND.AGRI.ZS","1964",59.43515214,150647.694,NA
"India","IND","AG.LND.AGRI.ZS","1965",59.59154982,165972.087,NA
"India","IND","AG.LND.AGRI.ZS","1966",59.71027751,171765.947,NA
"India","IND","AG.LND.AGRI.ZS","1967",59.80344344,172238.99,NA
"India","IND","AG.LND.AGRI.ZS","1968",59.99078431,187336.029,NA
"India","IND","AG.LND.AGRI.ZS","1969",59.79839835,190724.337,NA
"India","IND","AG.LND.AGRI.ZS","1970",59.88584652,195143.072,NA
"India","IND","AG.LND.AGRI.ZS","1971",59.80680683,205869.047,NA
"India","IND","AG.LND.AGRI.ZS","1972",59.85019457,217849.136,NA
"India","IND","AG.LND.AGRI.ZS","1973",60.12094753,224343.393,NA
"India","IND","AG.LND.AGRI.ZS","1974",60.29954359,231992.755,NA
"India","IND","AG.LND.AGRI.ZS","1975",60.43811529,252201.592,NA
"India","IND","AG.LND.AGRI.ZS","1976",60.42298003,263785.645,NA
"India","IND","AG.LND.AGRI.ZS","1977",60.40347236,279051.366,NA
"India","IND","AG.LND.AGRI.ZS","1978",60.74014779,283096.067,NA
"India","IND","AG.LND.AGRI.ZS","1979",60.73611172,296891.321,NA
"India","IND","AG.LND.AGRI.ZS","1980",60.63251928,314016.211,NA
"India","IND","AG.LND.AGRI.ZS","1981",60.67590702,338838.134,NA
"India","IND","AG.LND.AGRI.ZS","1982",60.80035248,349637.449,NA
"India","IND","AG.LND.AGRI.ZS","1983",60.69642371,378669.088,NA
"India","IND","AG.LND.AGRI.ZS","1984",61.0293994,388118.947,NA
"India","IND","AG.LND.AGRI.ZS","1985",60.99172942,426673.785,NA
"India","IND","AG.LND.AGRI.ZS","1986",60.94195124,457571.927,NA
"India","IND","AG.LND.AGRI.ZS","1987",61.06000626,488481.07,NA
"India","IND","AG.LND.AGRI.ZS","1988",60.90798099,527563.956,NA
"India","IND","AG.LND.AGRI.ZS","1989",61.04588001,579008.299,NA
"India","IND","AG.LND.AGRI.ZS","1990",61.01628218,619154.615,21.50518467
"India","IND","AG.LND.AGRI.ZS","1991",61.07446884,658189.83,21.55398799
"India","IND","AG.LND.AGRI.ZS","1992",60.97995755,699087.881,21.60279001
"India","IND","AG.LND.AGRI.ZS","1993",61.00585566,723697.118,21.65159333
"India","IND","AG.LND.AGRI.ZS","1994",60.97524881,764730.848,21.70039535
"India","IND","AG.LND.AGRI.ZS","1995",60.85887548,811562.105,21.74919867
"India","IND","AG.LND.AGRI.ZS","1996",60.73913877,882324.204,21.798002
"India","IND","AG.LND.AGRI.ZS","1997",60.87098369,917685.085,21.84680401
"India","IND","AG.LND.AGRI.ZS","1998",60.83499541,936221.77,21.89560734
"India","IND","AG.LND.AGRI.ZS","1999",60.88443725,995766.516,21.94440935
"India","IND","AG.LND.AGRI.ZS","2000",60.86896566,1031853.463,21.99321268
"India","IND","AG.LND.AGRI.ZS","2001",60.70483218,1041152.975,22.14920569
"India","IND","AG.LND.AGRI.ZS","2002",60.72938494,1054258.833,22.30520134
"India","IND","AG.LND.AGRI.ZS","2003",60.62478348,1099597.621,22.46119435
"India","IND","AG.LND.AGRI.ZS","2004",60.66716221,1154320.262,22.61719
"India","IND","AG.LND.AGRI.ZS","2005",60.58341377,1222563.132,22.77318301
"India","IND","AG.LND.AGRI.ZS","2006",60.50941918,1303717.509,22.91316839
"India","IND","AG.LND.AGRI.ZS","2007",60.4132262,1407607.286,23.05315114
"India","IND","AG.LND.AGRI.ZS","2008",60.45930465,1568379.567,23.19313652
"India","IND","AG.LND.AGRI.ZS","2009",60.56390611,1738645.711,23.33311927
"India","IND","AG.LND.AGRI.ZS","2010",60.39741826,1719690.988,23.47310465
"India","IND","AG.LND.AGRI.ZS","2011",60.43004315,1841776.419,23.53310701
"India","IND","AG.LND.AGRI.ZS","2012",60.42062566,2018503.817,23.59310938
"India","IND","AG.LND.AGRI.ZS","2013",60.43946065,2034752.294,23.65311437
"India","IND","AG.LND.AGRI.ZS","2014",60.44719645,2238377.137,23.71311674
"India","IND","AG.LND.AGRI.ZS","2015",60.44719645,NA,23.77311911
"India","IND","AG.LND.AGRI.ZS","2016",60.44719645,NA,23.83312147
"India","IND","AG.LND.AGRI.ZS","2017",NA,NA,NA
"India","IND","AG.LND.AGRI.ZS","2018",NA,NA,NA
"Indonesia","IDN","AG.LND.AGRI.ZS","1960",NA,21404.279,NA
"Indonesia","IDN","AG.LND.AGRI.ZS","1961",21.30748467,26024.699,NA
"Indonesia","IDN","AG.LND.AGRI.ZS","1962",21.30748467,22995.757,NA
"Indonesia","IDN","AG.LND.AGRI.ZS","1963",21.2798843,22783.071,NA
"Indonesia","IDN","AG.LND.AGRI.ZS","1964",21.2798843,22394.369,NA
"Indonesia","IDN","AG.LND.AGRI.ZS","1965",21.25228393,24689.911,NA
"Indonesia","IDN","AG.LND.AGRI.ZS","1966",21.22468356,23395.46,NA
"Indonesia","IDN","AG.LND.AGRI.ZS","1967",21.22468356,24561.566,NA
"Indonesia","IDN","AG.LND.AGRI.ZS","1968",21.22468356,27586.841,NA
"Indonesia","IDN","AG.LND.AGRI.ZS","1969",21.19708319,33391.702,NA
"Indonesia","IDN","AG.LND.AGRI.ZS","1970",21.19708319,35822.923,NA
"Indonesia","IDN","AG.LND.AGRI.ZS","1971",21.16948282,38987.544,NA
"Indonesia","IDN","AG.LND.AGRI.ZS","1972",21.16948282,43340.273,NA
"Indonesia","IDN","AG.LND.AGRI.ZS","1973",21.14188246,49134.133,NA
"Indonesia","IDN","AG.LND.AGRI.ZS","1974",21.14188246,51260.993,NA
"Indonesia","IDN","AG.LND.AGRI.ZS","1975",21.11759413,53963.572,NA
"Indonesia","IDN","AG.LND.AGRI.ZS","1976",21.00167258,61810.952,NA
"Indonesia","IDN","AG.LND.AGRI.ZS","1977",21.00167258,82434.16,NA
"Indonesia","IDN","AG.LND.AGRI.ZS","1978",21.00167258,93933.872,NA
"Indonesia","IDN","AG.LND.AGRI.ZS","1979",20.97628024,95096.311,NA
"Indonesia","IDN","AG.LND.AGRI.ZS","1980",20.97628024,94784.616,NA
"Indonesia","IDN","AG.LND.AGRI.ZS","1981",20.94867987,100160.438,NA
"Indonesia","IDN","AG.LND.AGRI.ZS","1982",20.94867987,105407.915,NA
"Indonesia","IDN","AG.LND.AGRI.ZS","1983",20.92107951,104956.874,NA
"Indonesia","IDN","AG.LND.AGRI.ZS","1984",20.45297725,112184.531,NA
"Indonesia","IDN","AG.LND.AGRI.ZS","1985",21.90310063,121245.688,NA
"Indonesia","IDN","AG.LND.AGRI.ZS","1986",22.79348852,121740.733,NA
"Indonesia","IDN","AG.LND.AGRI.ZS","1987",24.00404069,123372.548,NA
"Indonesia","IDN","AG.LND.AGRI.ZS","1988",24.3639495,132162.347,NA
"Indonesia","IDN","AG.LND.AGRI.ZS","1989",24.5284477,130966.905,NA
"Indonesia","IDN","AG.LND.AGRI.ZS","1990",24.88614848,149565.929,65.43771425
"Indonesia","IDN","AG.LND.AGRI.ZS","1991",22.92155423,179730.671,64.38139207
"Indonesia","IDN","AG.LND.AGRI.ZS","1992",22.82605696,202576.081,63.3250699
"Indonesia","IDN","AG.LND.AGRI.ZS","1993",23.19314186,218600.871,62.26875204
"Indonesia","IDN","AG.LND.AGRI.ZS","1994",23.16830153,221413.46,61.21242986
"Indonesia","IDN","AG.LND.AGRI.ZS","1995",23.72417295,224941.114,60.15610769
"Indonesia","IDN","AG.LND.AGRI.ZS","1996",23.71865288,253290.691,59.09978551
"Indonesia","IDN","AG.LND.AGRI.ZS","1997",24.027225,278658.997,58.04346334
"Indonesia","IDN","AG.LND.AGRI.ZS","1998",24.22042758,214200.471,56.98714547
"Indonesia","IDN","AG.LND.AGRI.ZS","1999",25.32444233,241988.997,55.9308233
"Indonesia","IDN","AG.LND.AGRI.ZS","2000",26.04205192,263418.945,54.87450112
"Indonesia","IDN","AG.LND.AGRI.ZS","2001",26.33075178,294907.474,54.7031589
"Indonesia","IDN","AG.LND.AGRI.ZS","2002",26.59626733,306737.216,54.53181667
"Indonesia","IDN","AG.LND.AGRI.ZS","2003",28.15568816,316792.13,54.36047013
"Indonesia","IDN","AG.LND.AGRI.ZS","2004",29.45842556,337635.358,54.1891279
"Indonesia","IDN","AG.LND.AGRI.ZS","2005",28.61937435,341991.754,54.01778568
"Indonesia","IDN","AG.LND.AGRI.ZS","2006",28.4283798,345119.705,53.63966063
"Indonesia","IDN","AG.LND.AGRI.ZS","2007",29.25639087,375544.804,53.26153557
"Indonesia","IDN","AG.LND.AGRI.ZS","2008",29.80839824,416560.199,52.88341052
"Indonesia","IDN","AG.LND.AGRI.ZS","2009",30.69161004,446409.579,52.50528547
"Indonesia","IDN","AG.LND.AGRI.ZS","2010",30.69161004,428760.308,52.12716042
"Indonesia","IDN","AG.LND.AGRI.ZS","2011",31.18841668,603665.207,51.74936743
"Indonesia","IDN","AG.LND.AGRI.ZS","2012",31.18841668,637078.911,51.37157445
"Indonesia","IDN","AG.LND.AGRI.ZS","2013",31.46442036,490226.562,50.99377715
"Indonesia","IDN","AG.LND.AGRI.ZS","2014",31.46442036,464176.194,50.61598417
"Indonesia","IDN","AG.LND.AGRI.ZS","2015",31.46442036,NA,50.23819118
"Indonesia","IDN","AG.LND.AGRI.ZS","2016",31.46442036,NA,49.8603982
"Indonesia","IDN","AG.LND.AGRI.ZS","2017",NA,NA,NA
"Indonesia","IDN","AG.LND.AGRI.ZS","2018",NA,NA,NA
"Kenya","KEN","AG.LND.AGRI.ZS","1960",NA,2427.554,NA
"Kenya","KEN","AG.LND.AGRI.ZS","1961",44.27733071,2401.885,NA
"Kenya","KEN","AG.LND.AGRI.ZS","1962",44.28611589,2625.572,NA
"Kenya","KEN","AG.LND.AGRI.ZS","1963",44.29490108,2856.593,NA
"Kenya","KEN","AG.LND.AGRI.ZS","1964",44.30368626,2827.257,NA
"Kenya","KEN","AG.LND.AGRI.ZS","1965",44.31247145,2467.891,NA
"Kenya","KEN","AG.LND.AGRI.ZS","1966",44.32125663,2684.244,NA
"Kenya","KEN","AG.LND.AGRI.ZS","1967",44.33004182,2702.579,NA
"Kenya","KEN","AG.LND.AGRI.ZS","1968",44.338827,2819.923,NA
"Kenya","KEN","AG.LND.AGRI.ZS","1969",44.34761219,3131.618,NA
"Kenya","KEN","AG.LND.AGRI.ZS","1970",44.35639737,3083.947,NA
"Kenya","KEN","AG.LND.AGRI.ZS","1971",44.36518256,3685.335,NA
"Kenya","KEN","AG.LND.AGRI.ZS","1972",44.37396774,3872.352,NA
"Kenya","KEN","AG.LND.AGRI.ZS","1973",44.38275293,3920.023,NA
"Kenya","KEN","AG.LND.AGRI.ZS","1974",44.39153811,4950.45,NA
"Kenya","KEN","AG.LND.AGRI.ZS","1975",44.93094845,4976.119,NA
"Kenya","KEN","AG.LND.AGRI.ZS","1976",44.94149067,4609.419,NA
"Kenya","KEN","AG.LND.AGRI.ZS","1977",44.94500474,5056.793,NA
"Kenya","KEN","AG.LND.AGRI.ZS","1978",44.94500474,5324.484,NA
"Kenya","KEN","AG.LND.AGRI.ZS","1979",44.94500474,5038.458,NA
"Kenya","KEN","AG.LND.AGRI.ZS","1980",44.94500474,6197.23,NA
"Kenya","KEN","AG.LND.AGRI.ZS","1981",44.94500474,6527.26,NA
"Kenya","KEN","AG.LND.AGRI.ZS","1982",44.94500474,4693.76,NA
"Kenya","KEN","AG.LND.AGRI.ZS","1983",44.94500474,4660.757,NA
"Kenya","KEN","AG.LND.AGRI.ZS","1984",44.81322697,4319.726,NA
"Kenya","KEN","AG.LND.AGRI.ZS","1985",46.30495133,3769.676,NA
"Kenya","KEN","AG.LND.AGRI.ZS","1986",46.33833503,4162.045,NA
"Kenya","KEN","AG.LND.AGRI.ZS","1987",46.44727132,5174.137,NA
"Kenya","KEN","AG.LND.AGRI.ZS","1988",46.84611871,4789.102,NA
"Kenya","KEN","AG.LND.AGRI.ZS","1989",47.53312015,5192.472,NA
"Kenya","KEN","AG.LND.AGRI.ZS","1990",47.03587869,5823.196,8.300242471
"Kenya","KEN","AG.LND.AGRI.ZS","1991",47.22388165,4840.44,8.095195918
"Kenya","KEN","AG.LND.AGRI.ZS","1992",47.56650385,5540.837,7.890150223
"Kenya","KEN","AG.LND.AGRI.ZS","1993",47.15887128,6347.577,7.685103669
"Kenya","KEN","AG.LND.AGRI.ZS","1994",47.84762976,6556.596,7.480057974
"Kenya","KEN","AG.LND.AGRI.ZS","1995",47.82303124,7554.02,7.275011421
"Kenya","KEN","AG.LND.AGRI.ZS","1996",46.47538391,9328.848,7.069965296
"Kenya","KEN","AG.LND.AGRI.ZS","1997",46.72664019,8265.418,6.864919172
"Kenya","KEN","AG.LND.AGRI.ZS","1998",46.48768317,10036.579,6.659872619
"Kenya","KEN","AG.LND.AGRI.ZS","1999",47.22212461,10172.258,6.454826495
"Kenya","KEN","AG.LND.AGRI.ZS","2000",46.86193204,10417.947,6.24978037
"Kenya","KEN","AG.LND.AGRI.ZS","2001",47.15711424,9369.185,6.42196999
"Kenya","KEN","AG.LND.AGRI.ZS","2002",47.12021647,7968.391,6.594159609
"Kenya","KEN","AG.LND.AGRI.ZS","2003",47.21861054,6754.614,6.766349229
"Kenya","KEN","AG.LND.AGRI.ZS","2004",47.42594089,7623.693,6.938538848
"Kenya","KEN","AG.LND.AGRI.ZS","2005",47.44351126,8562.445,7.110728468
"Kenya","KEN","AG.LND.AGRI.ZS","2006",47.53487718,9574.537,7.175036191
"Kenya","KEN","AG.LND.AGRI.ZS","2007",47.56298977,9831.227,7.239343914
"Kenya","KEN","AG.LND.AGRI.ZS","2008",47.58934533,10241.931,7.30365078
"Kenya","KEN","AG.LND.AGRI.ZS","2009",47.94075271,12350.456,7.367958503
"Kenya","KEN","AG.LND.AGRI.ZS","2010",48.00224901,12174.44,7.432266226
"Kenya","KEN","AG.LND.AGRI.ZS","2011",48.54693046,13457.89,7.49657395
"Kenya","KEN","AG.LND.AGRI.ZS","2012",48.72263415,12515.471,7.560881673
"Kenya","KEN","AG.LND.AGRI.ZS","2013",48.54693046,13333.212,7.625188538
"Kenya","KEN","AG.LND.AGRI.ZS","2014",48.54693046,14286.632,7.689496262
"Kenya","KEN","AG.LND.AGRI.ZS","2015",48.54693046,NA,7.753803985
"Kenya","KEN","AG.LND.AGRI.ZS","2016",48.54693046,NA,7.818111708
"Kenya","KEN","AG.LND.AGRI.ZS","2017",NA,NA,NA
"Kenya","KEN","AG.LND.AGRI.ZS","2018",NA,NA,NA
"Mexico","MEX","AG.LND.AGRI.ZS","1960",NA,63116.404,NA
"Mexico","MEX","AG.LND.AGRI.ZS","1961",50.57537488,65305.603,NA
"Mexico","MEX","AG.LND.AGRI.ZS","1962",50.50489982,63809.467,NA
"Mexico","MEX","AG.LND.AGRI.ZS","1963",50.46889066,66361.699,NA
"Mexico","MEX","AG.LND.AGRI.ZS","1964",50.43802567,74278.752,NA
"Mexico","MEX","AG.LND.AGRI.ZS","1965",50.40201651,75246.84,NA
"Mexico","MEX","AG.LND.AGRI.ZS","1966",50.36857944,80930.69,NA
"Mexico","MEX","AG.LND.AGRI.ZS","1967",50.3299982,90101.857,NA
"Mexico","MEX","AG.LND.AGRI.ZS","1968",50.29398904,93988.877,NA
"Mexico","MEX","AG.LND.AGRI.ZS","1969",50.26312405,102287.298,NA
"Mexico","MEX","AG.LND.AGRI.ZS","1970",50.22505723,114073.036,NA
"Mexico","MEX","AG.LND.AGRI.ZS","1971",49.86650891,126339.151,NA
"Mexico","MEX","AG.LND.AGRI.ZS","1972",49.97556522,132459.374,NA
"Mexico","MEX","AG.LND.AGRI.ZS","1973",50.10416935,144292.783,NA
"Mexico","MEX","AG.LND.AGRI.ZS","1974",50.18184624,155007.757,NA
"Mexico","MEX","AG.LND.AGRI.ZS","1975",50.18184624,164472.284,NA
"Mexico","MEX","AG.LND.AGRI.ZS","1976",50.18184624,184138.405,NA
"Mexico","MEX","AG.LND.AGRI.ZS","1977",50.20756707,192847.53,NA
"Mexico","MEX","AG.LND.AGRI.ZS","1978",50.51467373,222649.239,NA
"Mexico","MEX","AG.LND.AGRI.ZS","1979",50.41179043,240874.229,NA
"Mexico","MEX","AG.LND.AGRI.ZS","1980",50.50541423,268453.736,NA
"Mexico","MEX","AG.LND.AGRI.ZS","1981",50.52084673,284529.864,NA
"Mexico","MEX","AG.LND.AGRI.ZS","1982",50.57486046,304837.71,NA
"Mexico","MEX","AG.LND.AGRI.ZS","1983",51.96635716,278442.644,NA
"Mexico","MEX","AG.LND.AGRI.ZS","1984",51.97175853,277624.903,NA
"Mexico","MEX","AG.LND.AGRI.ZS","1985",52.17984002,288501.225,NA
"Mexico","MEX","AG.LND.AGRI.ZS","1986",52.18292652,294559.109,NA
"Mexico","MEX","AG.LND.AGRI.ZS","1987",52.75341444,307356.939,NA
"Mexico","MEX","AG.LND.AGRI.ZS","1988",53.01113712,307067.246,NA
"Mexico","MEX","AG.LND.AGRI.ZS","1989",53.52503922,361877.895,NA
"Mexico","MEX","AG.LND.AGRI.ZS","1990",54.09141182,318427.612,35.88569665
"Mexico","MEX","AG.LND.AGRI.ZS","1991",54.60737159,331958.842,35.78775255
"Mexico","MEX","AG.LND.AGRI.ZS","1992",54.61920317,334698.091,35.68980844
"Mexico","MEX","AG.LND.AGRI.ZS","1993",54.62074642,339468.858,35.59186032
"Mexico","MEX","AG.LND.AGRI.ZS","1994",54.62589058,352780.068,35.49391622
"Mexico","MEX","AG.LND.AGRI.ZS","1995",54.62846267,332816.92,35.39597212
"Mexico","MEX","AG.LND.AGRI.ZS","1996",54.68762057,346417.823,35.29802802
"Mexico","MEX","AG.LND.AGRI.ZS","1997",54.68762057,369769.279,35.20008391
"Mexico","MEX","AG.LND.AGRI.ZS","1998",54.69533681,389087.035,35.10213579
"Mexico","MEX","AG.LND.AGRI.ZS","1999",54.69585123,391591.596,35.00419169
"Mexico","MEX","AG.LND.AGRI.ZS","2000",54.6979089,398382.88,34.90624759
"Mexico","MEX","AG.LND.AGRI.ZS","2001",54.81108053,412977.54,34.82671799
"Mexico","MEX","AG.LND.AGRI.ZS","2002",54.81108053,414389.335,34.74718839
"Mexico","MEX","AG.LND.AGRI.ZS","2003",54.81108053,440208.682,34.66766281
"Mexico","MEX","AG.LND.AGRI.ZS","2004",54.82136886,441308.782,34.58813321
"Mexico","MEX","AG.LND.AGRI.ZS","2005",54.82136886,466361.726,34.50860362
"Mexico","MEX","AG.LND.AGRI.ZS","2006",54.82136886,479251.231,34.44841688
"Mexico","MEX","AG.LND.AGRI.ZS","2007",54.88824301,480520.013,34.38823015
"Mexico","MEX","AG.LND.AGRI.ZS","2008",54.84451761,493251.837,34.32804342
"Mexico","MEX","AG.LND.AGRI.ZS","2009",54.84451761,475950.931,34.26785668
"Mexico","MEX","AG.LND.AGRI.ZS","2010",54.84451761,464308.206,34.20766995
"Mexico","MEX","AG.LND.AGRI.ZS","2011",54.84451761,484429.035,34.16054859
"Mexico","MEX","AG.LND.AGRI.ZS","2012",54.84451761,496324.783,34.11342724
"Mexico","MEX","AG.LND.AGRI.ZS","2013",54.96952082,490340.239,34.0663099
"Mexico","MEX","AG.LND.AGRI.ZS","2014",55.00450114,480270.657,34.01918854
"Mexico","MEX","AG.LND.AGRI.ZS","2015",54.90264667,NA,33.97206718
"Mexico","MEX","AG.LND.AGRI.ZS","2016",54.64955374,NA,33.92494583
"Mexico","MEX","AG.LND.AGRI.ZS","2017",NA,NA,NA
"Mexico","MEX","AG.LND.AGRI.ZS","2018",NA,NA,NA
"Nicaragua","NIC","AG.LND.AGRI.ZS","1960",NA,531.715,NA
"Nicaragua","NIC","AG.LND.AGRI.ZS","1961",28.50257603,561.051,NA
"Nicaragua","NIC","AG.LND.AGRI.ZS","1962",28.50257603,660.06,NA
"Nicaragua","NIC","AG.LND.AGRI.ZS","1963",28.81834801,843.41,NA
"Nicaragua","NIC","AG.LND.AGRI.ZS","1964",28.98454379,949.753,NA
"Nicaragua","NIC","AG.LND.AGRI.ZS","1965",29.23383746,781.071,NA
"Nicaragua","NIC","AG.LND.AGRI.ZS","1966",29.74904437,960.754,NA
"Nicaragua","NIC","AG.LND.AGRI.ZS","1967",29.74904437,1081.765,NA
"Nicaragua","NIC","AG.LND.AGRI.ZS","1968",29.74904437,1232.112,NA
"Nicaragua","NIC","AG.LND.AGRI.ZS","1969",29.79059332,1287.117,NA
"Nicaragua","NIC","AG.LND.AGRI.ZS","1970",29.79059332,1404.461,NA
"Nicaragua","NIC","AG.LND.AGRI.ZS","1971",29.9567891,1507.137,NA
"Nicaragua","NIC","AG.LND.AGRI.ZS","1972",29.99833804,1606.146,NA
"Nicaragua","NIC","AG.LND.AGRI.ZS","1973",30.08143593,1829.833,NA
"Nicaragua","NIC","AG.LND.AGRI.ZS","1974",30.16453382,1950.844,NA
"Nicaragua","NIC","AG.LND.AGRI.ZS","1975",30.16453382,1928.842,NA
"Nicaragua","NIC","AG.LND.AGRI.ZS","1976",30.16453382,2225.869,NA
"Nicaragua","NIC","AG.LND.AGRI.ZS","1977",30.99551271,2838.258,NA
"Nicaragua","NIC","AG.LND.AGRI.ZS","1978",31.03706166,2632.906,NA
"Nicaragua","NIC","AG.LND.AGRI.ZS","1979",31.0786106,1712.489,NA
"Nicaragua","NIC","AG.LND.AGRI.ZS","1980",31.12015955,2027.851,NA
"Nicaragua","NIC","AG.LND.AGRI.ZS","1981",31.80156224,2141.528,NA
"Nicaragua","NIC","AG.LND.AGRI.ZS","1982",31.81818182,2115.859,NA
"Nicaragua","NIC","AG.LND.AGRI.ZS","1983",31.82649161,2002.182,NA
"Nicaragua","NIC","AG.LND.AGRI.ZS","1984",32.26691042,1851.835,NA
"Nicaragua","NIC","AG.LND.AGRI.ZS","1985",32.03423633,1991.181,NA
"Nicaragua","NIC","AG.LND.AGRI.ZS","1986",32.05085591,2262.539,NA
"Nicaragua","NIC","AG.LND.AGRI.ZS","1987",32.31676915,2438.555,NA
"Nicaragua","NIC","AG.LND.AGRI.ZS","1988",32.74056839,2247.871,NA
"Nicaragua","NIC","AG.LND.AGRI.ZS","1989",33.1809872,1477.801,NA
"Nicaragua","NIC","AG.LND.AGRI.ZS","1990",33.44690045,2548.565,37.51038724
"Nicaragua","NIC","AG.LND.AGRI.ZS","1991",33.73774306,2005.849,36.92870201
"Nicaragua","NIC","AG.LND.AGRI.ZS","1992",34.2363304,2394.551,36.34701679
"Nicaragua","NIC","AG.LND.AGRI.ZS","1993",34.81801562,2302.876,35.76533156
"Nicaragua","NIC","AG.LND.AGRI.ZS","1994",35.06730929,2541.231,35.18364634
"Nicaragua","NIC","AG.LND.AGRI.ZS","1995",37.834469,2779.586,34.60196111
"Nicaragua","NIC","AG.LND.AGRI.ZS","1996",38.67375769,2874.928,34.02027588
"Nicaragua","NIC","AG.LND.AGRI.ZS","1997",39.95346518,3142.619,33.43859066
"Nicaragua","NIC","AG.LND.AGRI.ZS","1998",40.82599302,3421.311,32.85690543
"Nicaragua","NIC","AG.LND.AGRI.ZS","1999",41.69852086,3626.663,32.27522021
"Nicaragua","NIC","AG.LND.AGRI.ZS","2000",42.7206249,3762.342,31.69353498
"Nicaragua","NIC","AG.LND.AGRI.ZS","2001",43.00315772,3964.027,31.11184976
"Nicaragua","NIC","AG.LND.AGRI.ZS","2002",43.85906598,4037.367,30.53016453
"Nicaragua","NIC","AG.LND.AGRI.ZS","2003",44.34103374,4411.401,29.94847931
"Nicaragua","NIC","AG.LND.AGRI.ZS","2004",43.51836463,4426.069,29.36679408
"Nicaragua","NIC","AG.LND.AGRI.ZS","2005",44.09174007,4319.726,28.78510886
"Nicaragua","NIC","AG.LND.AGRI.ZS","2006",43.21090244,4466.406,28.20342363
"Nicaragua","NIC","AG.LND.AGRI.ZS","2007",43.08625561,4605.752,27.62173841
"Nicaragua","NIC","AG.LND.AGRI.ZS","2008",42.54611933,4422.402,27.04005318
"Nicaragua","NIC","AG.LND.AGRI.ZS","2009",42.42147249,4495.742,26.45836796
"Nicaragua","NIC","AG.LND.AGRI.ZS","2010",41.76499917,4536.079,25.87668273
"Nicaragua","NIC","AG.LND.AGRI.ZS","2011",42.13810788,4880.777,25.87668273
"Nicaragua","NIC","AG.LND.AGRI.ZS","2012",42.40485292,4620.42,25.87668273
"Nicaragua","NIC","AG.LND.AGRI.ZS","2013",42.08908094,4550.747,25.87668273
"Nicaragua","NIC","AG.LND.AGRI.ZS","2014",42.08908094,4862.442,25.87668273
"Nicaragua","NIC","AG.LND.AGRI.ZS","2015",42.08908094,NA,25.87668273
"Nicaragua","NIC","AG.LND.AGRI.ZS","2016",42.08908094,NA,25.87668273
"Nicaragua","NIC","AG.LND.AGRI.ZS","2017",NA,NA,NA
"Nicaragua","NIC","AG.LND.AGRI.ZS","2018",NA,NA,NA
"Norway","NOR","AG.LND.AGRI.ZS","1960",NA,13102.191,NA
"Norway","NOR","AG.LND.AGRI.ZS","1961",2.83098434,13351.547,NA
"Norway","NOR","AG.LND.AGRI.ZS","1962",2.822770652,14077.613,NA
"Norway","NOR","AG.LND.AGRI.ZS","1963",2.814556965,14983.362,NA
"Norway","NOR","AG.LND.AGRI.ZS","1964",2.789915902,16189.805,NA
"Norway","NOR","AG.LND.AGRI.ZS","1965",2.768012735,16409.825,NA
"Norway","NOR","AG.LND.AGRI.ZS","1966",2.751585359,19563.445,NA
"Norway","NOR","AG.LND.AGRI.ZS","1967",2.73789588,19328.757,NA
"Norway","NOR","AG.LND.AGRI.ZS","1968",2.721468505,21140.255,NA
"Norway","NOR","AG.LND.AGRI.ZS","1969",2.699565338,22222.02,NA
"Norway","NOR","AG.LND.AGRI.ZS","1970",2.611952669,28012.213,NA
"Norway","NOR","AG.LND.AGRI.ZS","1971",2.548981064,27198.139,NA
"Norway","NOR","AG.LND.AGRI.ZS","1972",2.491485251,29427.675,NA
"Norway","NOR","AG.LND.AGRI.ZS","1973",2.475057875,30524.108,NA
"Norway","NOR","AG.LND.AGRI.ZS","1974",2.466844188,27696.851,NA
"Norway","NOR","AG.LND.AGRI.ZS","1975",2.4586305,29673.364,NA
"Norway","NOR","AG.LND.AGRI.ZS","1976",2.453154708,29317.665,NA
"Norway","NOR","AG.LND.AGRI.ZS","1977",2.461368396,31070.491,NA
"Norway","NOR","AG.LND.AGRI.ZS","1978",2.464106292,34792.496,NA
"Norway","NOR","AG.LND.AGRI.ZS","1979",2.611952669,34242.446,NA
"Norway","NOR","AG.LND.AGRI.ZS","1980",2.562670544,38052.459,NA
"Norway","NOR","AG.LND.AGRI.ZS","1981",2.562670544,40329.666,NA
"Norway","NOR","AG.LND.AGRI.ZS","1982",2.579097919,41052.065,NA
"Norway","NOR","AG.LND.AGRI.ZS","1983",2.587311607,37498.742,NA
"Norway","NOR","AG.LND.AGRI.ZS","1984",2.611952669,40458.011,NA
"Norway","NOR","AG.LND.AGRI.ZS","1985",2.620166357,40714.701,NA
"Norway","NOR","AG.LND.AGRI.ZS","1986",2.653021108,47076.946,NA
"Norway","NOR","AG.LND.AGRI.ZS","1987",2.655759004,40707.367,NA
"Norway","NOR","AG.LND.AGRI.ZS","1988",2.672186379,42482.195,NA
"Norway","NOR","AG.LND.AGRI.ZS","1989",2.713254817,49379.822,NA
"Norway","NOR","AG.LND.AGRI.ZS","1990",2.672186379,31510.531,33.21615282
"Norway","NOR","AG.LND.AGRI.ZS","1991",2.765274839,32075.249,33.21094974
"Norway","NOR","AG.LND.AGRI.ZS","1992",2.746109568,32009.243,33.20574935
"Norway","NOR","AG.LND.AGRI.ZS","1993",2.773488526,35148.195,33.20054627
"Norway","NOR","AG.LND.AGRI.ZS","1994",2.820032756,33905.082,33.19534588
"Norway","NOR","AG.LND.AGRI.ZS","1995",3.085608657,33439.373,33.1901428
"Norway","NOR","AG.LND.AGRI.ZS","1996",3.099298136,33366.033,33.18493973
"Norway","NOR","AG.LND.AGRI.ZS","1997",2.841935923,36101.615,33.17973934
"Norway","NOR","AG.LND.AGRI.ZS","1998",2.866576986,37777.434,33.17453626
"Norway","NOR","AG.LND.AGRI.ZS","1999",2.841935923,40681.698,33.16933587
"Norway","NOR","AG.LND.AGRI.ZS","2000",2.852887507,39673.273,33.16413279
"Norway","NOR","AG.LND.AGRI.ZS","2001",2.866576986,41910.143,33.1526331
"Norway","NOR","AG.LND.AGRI.ZS","2002",2.86383909,38023.123,33.1411334
"Norway","NOR","AG.LND.AGRI.ZS","2003",2.847411715,45221.444,33.12963638
"Norway","NOR","AG.LND.AGRI.ZS","2004",2.847411715,42647.21,33.11813668
"Norway","NOR","AG.LND.AGRI.ZS","2005",2.836460132,42438.191,33.10663698
"Norway","NOR","AG.LND.AGRI.ZS","2006",2.833722236,44257.023,33.11211277
"Norway","NOR","AG.LND.AGRI.ZS","2007",2.825508548,45089.432,33.11758856
"Norway","NOR","AG.LND.AGRI.ZS","2008",2.805795831,55690.729,33.12306436
"Norway","NOR","AG.LND.AGRI.ZS","2009",2.776938302,55346.031,33.12854015
"Norway","NOR","AG.LND.AGRI.ZS","2010",2.754049532,60105.797,33.13401594
"Norway","NOR","AG.LND.AGRI.ZS","2011",2.735157984,45195.775,33.13949173
"Norway","NOR","AG.LND.AGRI.ZS","2012",2.718182996,49889.535,33.14496752
"Norway","NOR","AG.LND.AGRI.ZS","2013",2.703582063,58162.287,33.16142708
"Norway","NOR","AG.LND.AGRI.ZS","2014",2.702568719,47626.996,33.16690469
"Norway","NOR","AG.LND.AGRI.ZS","2015",2.700569279,NA,33.1723823
"Norway","NOR","AG.LND.AGRI.ZS","2016",2.694078329,NA,33.1778599
"Norway","NOR","AG.LND.AGRI.ZS","2017",NA,NA,NA
"Norway","NOR","AG.LND.AGRI.ZS","2018",NA,NA,NA
"Pakistan","PAK","AG.LND.AGRI.ZS","1960",NA,14154.62,NA
"Pakistan","PAK","AG.LND.AGRI.ZS","1961",46.3496264,14656.999,NA
"Pakistan","PAK","AG.LND.AGRI.ZS","1962",46.49232046,16105.464,NA
"Pakistan","PAK","AG.LND.AGRI.ZS","1963",46.54420922,18514.683,NA
"Pakistan","PAK","AG.LND.AGRI.ZS","1964",47.16038813,19035.397,NA
"Pakistan","PAK","AG.LND.AGRI.ZS","1965",48.30194064,19974.149,NA
"Pakistan","PAK","AG.LND.AGRI.ZS","1966",48.53544002,20326.181,NA
"Pakistan","PAK","AG.LND.AGRI.ZS","1967",48.60678705,21572.961,NA
"Pakistan","PAK","AG.LND.AGRI.ZS","1968",48.21762142,24737.582,NA
"Pakistan","PAK","AG.LND.AGRI.ZS","1969",46.31070984,23993.181,NA
"Pakistan","PAK","AG.LND.AGRI.ZS","1970",46.52475093,24337.879,NA
"Pakistan","PAK","AG.LND.AGRI.ZS","1971",46.0318078,23076.431,NA
"Pakistan","PAK","AG.LND.AGRI.ZS","1972",46.05775218,18929.054,NA
"Pakistan","PAK","AG.LND.AGRI.ZS","1973",47.21876297,20036.488,NA
"Pakistan","PAK","AG.LND.AGRI.ZS","1974",46.36259859,21418.947,NA
"Pakistan","PAK","AG.LND.AGRI.ZS","1975",46.74527812,23219.444,NA
"Pakistan","PAK","AG.LND.AGRI.ZS","1976",46.32627646,22838.076,NA
"Pakistan","PAK","AG.LND.AGRI.ZS","1977",46.58701743,24389.217,NA
"Pakistan","PAK","AG.LND.AGRI.ZS","1978",47.24081569,26138.376,NA
"Pakistan","PAK","AG.LND.AGRI.ZS","1979",47.13703819,28250.568,NA
"Pakistan","PAK","AG.LND.AGRI.ZS","1980",48.53673724,32067.915,NA
"Pakistan","PAK","AG.LND.AGRI.ZS","1981",47.35367372,34400.127,NA
"Pakistan","PAK","AG.LND.AGRI.ZS","1982",49.95459734,37385.065,NA
"Pakistan","PAK","AG.LND.AGRI.ZS","1983",47.23043794,40303.997,NA
"Pakistan","PAK","AG.LND.AGRI.ZS","1984",48.64570361,42856.229,NA
"Pakistan","PAK","AG.LND.AGRI.ZS","1985",48.15016604,47175.955,NA
"Pakistan","PAK","AG.LND.AGRI.ZS","1986",46.14336862,49453.162,NA
"Pakistan","PAK","AG.LND.AGRI.ZS","1987",47.57030926,53534.533,NA
"Pakistan","PAK","AG.LND.AGRI.ZS","1988",45.85279161,58213.625,NA
"Pakistan","PAK","AG.LND.AGRI.ZS","1989",46.51826484,60956.541,NA
"Pakistan","PAK","AG.LND.AGRI.ZS","1990",45.66988377,68565.566,3.278071814
"Pakistan","PAK","AG.LND.AGRI.ZS","1991",45.75290577,68242.87,3.224755996
"Pakistan","PAK","AG.LND.AGRI.ZS","1992",45.89559983,72789.95,3.171440495
"Pakistan","PAK","AG.LND.AGRI.ZS","1993",46.37557078,78008.091,3.118124677
"Pakistan","PAK","AG.LND.AGRI.ZS","1994",46.42745953,84839.712,3.064809176
"Pakistan","PAK","AG.LND.AGRI.ZS","1995",46.73360315,84484.013,3.011493358
"Pakistan","PAK","AG.LND.AGRI.ZS","1996",46.92299709,94447.252,2.95817754
"Pakistan","PAK","AG.LND.AGRI.ZS","1997",47.56771482,94711.276,2.904862039
"Pakistan","PAK","AG.LND.AGRI.ZS","1998",47.68576173,97663.211,2.851546221
"Pakistan","PAK","AG.LND.AGRI.ZS","1999",47.68057285,100384.125,2.79823072
"Pakistan","PAK","AG.LND.AGRI.ZS","2000",47.60533416,106449.343,2.744914902
"Pakistan","PAK","AG.LND.AGRI.ZS","2001",47.9607721,108282.843,2.689393876
"Pakistan","PAK","AG.LND.AGRI.ZS","2002",47.84661685,114084.037,2.633873008
"Pakistan","PAK","AG.LND.AGRI.ZS","2003",47.79213367,118895.141,2.578351982
"Pakistan","PAK","AG.LND.AGRI.ZS","2004",46.75825031,131601.296,2.522831114
"Pakistan","PAK","AG.LND.AGRI.ZS","2005",46.65447281,136636.087,2.467310087
"Pakistan","PAK","AG.LND.AGRI.ZS","2006",46.875,146074.945,2.41152968
"Pakistan","PAK","AG.LND.AGRI.ZS","2007",46.71673931,158894.777,2.355749274
"Pakistan","PAK","AG.LND.AGRI.ZS","2008",45.80868618,159070.793,2.299968867
"Pakistan","PAK","AG.LND.AGRI.ZS","2009",45.7619863,158836.105,2.24418846
"Pakistan","PAK","AG.LND.AGRI.ZS","2010",45.71658364,161395.671,2.188408053
"Pakistan","PAK","AG.LND.AGRI.ZS","2011",46.61685347,161956.722,2.132627646
"Pakistan","PAK","AG.LND.AGRI.ZS","2012",46.78160025,163496.862,2.07684724
"Pakistan","PAK","AG.LND.AGRI.ZS","2013",47.06309672,164325.604,2.021066833
"Pakistan","PAK","AG.LND.AGRI.ZS","2014",47.0267746,166298.45,1.965286426
"Pakistan","PAK","AG.LND.AGRI.ZS","2015",46.96191366,NA,1.909506019
"Pakistan","PAK","AG.LND.AGRI.ZS","2016",47.7947281,NA,1.853725612
"Pakistan","PAK","AG.LND.AGRI.ZS","2017",NA,NA,NA
"Pakistan","PAK","AG.LND.AGRI.ZS","2018",NA,NA,NA
"South Africa","ZAF","AG.LND.AGRI.ZS","1960",NA,97934.569,NA
"South Africa","ZAF","AG.LND.AGRI.ZS","1961",83.53460996,102213.958,NA
"South Africa","ZAF","AG.LND.AGRI.ZS","1962",82.54540059,105767.281,NA
"South Africa","ZAF","AG.LND.AGRI.ZS","1963",81.60565168,109826.65,NA
"South Africa","ZAF","AG.LND.AGRI.ZS","1964",80.57934696,119657.877,NA
"South Africa","ZAF","AG.LND.AGRI.ZS","1965",79.63959805,128260.659,NA
"South Africa","ZAF","AG.LND.AGRI.ZS","1966",79.50358176,128356.001,NA
"South Africa","ZAF","AG.LND.AGRI.ZS","1967",79.28513136,133885.837,NA
"South Africa","ZAF","AG.LND.AGRI.ZS","1968",79.12850654,138084.552,NA
"South Africa","ZAF","AG.LND.AGRI.ZS","1969",78.96363831,143280.691,NA
"South Africa","ZAF","AG.LND.AGRI.ZS","1970",78.79877008,149763.947,NA
"South Africa","ZAF","AG.LND.AGRI.ZS","1971",78.63390185,168568.323,NA
"South Africa","ZAF","AG.LND.AGRI.ZS","1972",78.47315533,171725.61,NA
"South Africa","ZAF","AG.LND.AGRI.ZS","1973",78.3041654,173533.441,NA
"South Africa","ZAF","AG.LND.AGRI.ZS","1974",78.15166228,176734.732,NA
"South Africa","ZAF","AG.LND.AGRI.ZS","1975",77.97030723,185201.835,NA
"South Africa","ZAF","AG.LND.AGRI.ZS","1976",77.80296598,193115.221,NA
"South Africa","ZAF","AG.LND.AGRI.ZS","1977",77.75185683,199950.509,NA
"South Africa","ZAF","AG.LND.AGRI.ZS","1978",77.71888318,202099.371,NA
"South Africa","ZAF","AG.LND.AGRI.ZS","1979",77.6611793,218908.899,NA
"South Africa","ZAF","AG.LND.AGRI.ZS","1980",77.61996225,228454.1,NA
"South Africa","ZAF","AG.LND.AGRI.ZS","1981",77.57050178,257368.395,NA
"South Africa","ZAF","AG.LND.AGRI.ZS","1982",77.51527092,280749.187,NA
"South Africa","ZAF","AG.LND.AGRI.ZS","1983",77.51527092,292230.564,NA
"South Africa","ZAF","AG.LND.AGRI.ZS","1984",77.51527092,315948.72,NA
"South Africa","ZAF","AG.LND.AGRI.ZS","1985",77.51527092,324214.138,NA
"South Africa","ZAF","AG.LND.AGRI.ZS","1986",77.81780412,330855.075,NA
"South Africa","ZAF","AG.LND.AGRI.ZS","1987",78.02388941,329025.242,NA
"South Africa","ZAF","AG.LND.AGRI.ZS","1988",78.22997469,343055.184,NA
"South Africa","ZAF","AG.LND.AGRI.ZS","1989",78.55971115,341108.007,NA
"South Africa","ZAF","AG.LND.AGRI.ZS","1990",78.80701349,313304.813,7.617736524
"South Africa","ZAF","AG.LND.AGRI.ZS","1991",79.14087166,326410.671,7.617736524
"South Africa","ZAF","AG.LND.AGRI.ZS","1992",79.52666331,301687.757,7.617736524
"South Africa","ZAF","AG.LND.AGRI.ZS","1993",79.90833326,321049.517,7.617736524
"South Africa","ZAF","AG.LND.AGRI.ZS","1994",80.1795415,339168.164,7.617736524
"South Africa","ZAF","AG.LND.AGRI.ZS","1995",80.38974849,362259.263,7.617736524
"South Africa","ZAF","AG.LND.AGRI.ZS","1996",80.69475472,364400.791,7.617736524
"South Africa","ZAF","AG.LND.AGRI.ZS","1997",80.74009348,386131.433,7.617736524
"South Africa","ZAF","AG.LND.AGRI.ZS","1998",80.77554015,377726.669,7.617736524
"South Africa","ZAF","AG.LND.AGRI.ZS","1999",80.83324403,375236.776,7.617736524
"South Africa","ZAF","AG.LND.AGRI.ZS","2000",80.88847489,378665.421,7.617736524
"South Africa","ZAF","AG.LND.AGRI.ZS","2001",80.79614868,372042.819,7.617736524
"South Africa","ZAF","AG.LND.AGRI.ZS","2002",80.8085138,356637.752,7.617736524
"South Africa","ZAF","AG.LND.AGRI.ZS","2003",80.72607968,404459.099,7.617736524
"South Africa","ZAF","AG.LND.AGRI.ZS","2004",80.46229051,450186.589,7.617736524
"South Africa","ZAF","AG.LND.AGRI.ZS","2005",80.35924787,416915.898,7.617736524
"South Africa","ZAF","AG.LND.AGRI.ZS","2006",79.86876489,447894.714,7.617736524
"South Africa","ZAF","AG.LND.AGRI.ZS","2007",79.87041357,466578.079,7.617736524
"South Africa","ZAF","AG.LND.AGRI.ZS","2008",80.05011994,496772.157,7.617736524
"South Africa","ZAF","AG.LND.AGRI.ZS","2009",79.951199,503112.4,7.617736524
"South Africa","ZAF","AG.LND.AGRI.ZS","2010",79.87123791,474099.096,7.617736524
"South Africa","ZAF","AG.LND.AGRI.ZS","2011",79.44505354,470582.443,7.617736524
"South Africa","ZAF","AG.LND.AGRI.ZS","2012",79.83002086,468770.945,7.617736524
"South Africa","ZAF","AG.LND.AGRI.ZS","2013",79.83002086,466376.394,7.617736524
"South Africa","ZAF","AG.LND.AGRI.ZS","2014",79.83002086,489771.854,7.617736524
"South Africa","ZAF","AG.LND.AGRI.ZS","2015",79.83002086,NA,7.617736524
"South Africa","ZAF","AG.LND.AGRI.ZS","2016",79.83002086,NA,7.617736524
"South Africa","ZAF","AG.LND.AGRI.ZS","2017",NA,NA,NA
"South Africa","ZAF","AG.LND.AGRI.ZS","2018",NA,NA,NA
"Spain","ESP","AG.LND.AGRI.ZS","1960",NA,48928.781,NA
"Spain","ESP","AG.LND.AGRI.ZS","1961",66.48925527,53677.546,NA
"Spain","ESP","AG.LND.AGRI.ZS","1962",66.49325703,60054.459,NA
"Spain","ESP","AG.LND.AGRI.ZS","1963",66.3031734,58822.347,NA
"Spain","ESP","AG.LND.AGRI.ZS","1964",65.53483533,64410.855,NA
"Spain","ESP","AG.LND.AGRI.ZS","1965",65.41678338,71117.798,NA
"Spain","ESP","AG.LND.AGRI.ZS","1966",64.34030974,77729.399,NA
"Spain","ESP","AG.LND.AGRI.ZS","1967",64.7925087,86519.198,NA
"Spain","ESP","AG.LND.AGRI.ZS","1968",64.34631238,97157.165,NA
"Spain","ESP","AG.LND.AGRI.ZS","1969",65.08263636,96882.14,NA
"Spain","ESP","AG.LND.AGRI.ZS","1970",64.26627716,116929.629,NA
"Spain","ESP","AG.LND.AGRI.ZS","1971",65.39677458,128682.364,NA
"Spain","ESP","AG.LND.AGRI.ZS","1972",65.16467246,145026.183,NA
"Spain","ESP","AG.LND.AGRI.ZS","1973",64.5884189,155367.123,NA
"Spain","ESP","AG.LND.AGRI.ZS","1974",64.18809405,173152.073,NA
"Spain","ESP","AG.LND.AGRI.ZS","1975",63.88927807,181644.845,NA
"Spain","ESP","AG.LND.AGRI.ZS","1976",63.08625418,198443.372,NA
"Spain","ESP","AG.LND.AGRI.ZS","1977",63.23817912,195663.786,NA
"Spain","ESP","AG.LND.AGRI.ZS","1978",63.01523432,200493.225,NA
"Spain","ESP","AG.LND.AGRI.ZS","1979",62.76774633,203745.854,NA
"Spain","ESP","AG.LND.AGRI.ZS","1980",62.54229483,215003.544,NA
"Spain","ESP","AG.LND.AGRI.ZS","1981",62.47947784,207288.176,NA
"Spain","ESP","AG.LND.AGRI.ZS","1982",62.4494454,209906.414,NA
"Spain","ESP","AG.LND.AGRI.ZS","1983",61.6522836,204867.956,NA
"Spain","ESP","AG.LND.AGRI.ZS","1984",61.32468365,198953.085,NA
"Spain","ESP","AG.LND.AGRI.ZS","1985",61.49287202,201233.959,NA
"Spain","ESP","AG.LND.AGRI.ZS","1986",61.28864328,190467.647,NA
"Spain","ESP","AG.LND.AGRI.ZS","1987",61.2706231,190878.351,NA
"Spain","ESP","AG.LND.AGRI.ZS","1988",61.22457152,199033.759,NA
"Spain","ESP","AG.LND.AGRI.ZS","1989",61.47084735,226671.938,NA
"Spain","ESP","AG.LND.AGRI.ZS","1990",61.01233381,218597.204,27.64994841
"Spain","ESP","AG.LND.AGRI.ZS","1991",60.81010732,225634.177,28.28415873
"Spain","ESP","AG.LND.AGRI.ZS","1992",60.62590101,233921.597,28.91834949
"Spain","ESP","AG.LND.AGRI.ZS","1993",60.13334935,219253.597,29.5525598
"Spain","ESP","AG.LND.AGRI.ZS","1994",60.43368573,233404.55,30.18674861
"Spain","ESP","AG.LND.AGRI.ZS","1995",59.5046452,241611.296,30.82095893
"Spain","ESP","AG.LND.AGRI.ZS","1996",60.34558706,233305.541,31.45514969
"Spain","ESP","AG.LND.AGRI.ZS","1997",60.18540766,252073.247,32.08936001
"Spain","ESP","AG.LND.AGRI.ZS","1998",59.98318116,261541.441,32.72355077
"Spain","ESP","AG.LND.AGRI.ZS","1999",59.62277751,282355.333,33.35775913
"Spain","ESP","AG.LND.AGRI.ZS","2000",59.65130261,294434.431,34.02192275
"Spain","ESP","AG.LND.AGRI.ZS","2001",59.21527722,297830.073,34.17710564
"Spain","ESP","AG.LND.AGRI.ZS","2002",58.95118628,314518.59,34.26378647
"Spain","ESP","AG.LND.AGRI.ZS","2003",58.39826927,321097.188,34.3743701
"Spain","ESP","AG.LND.AGRI.ZS","2004",58.23750952,339428.521,34.49869896
"Spain","ESP","AG.LND.AGRI.ZS","2005",58.43435052,353462.13,34.62720119
"Spain","ESP","AG.LND.AGRI.ZS","2006",57.34297968,350037.152,35.02166294
"Spain","ESP","AG.LND.AGRI.ZS","2007",56.10787201,358236.564,35.39927242
"Spain","ESP","AG.LND.AGRI.ZS","2008",56.41940658,329285.599,35.80826014
"Spain","ESP","AG.LND.AGRI.ZS","2009",56.09032206,288237.201,36.20538982
"Spain","ESP","AG.LND.AGRI.ZS","2010",55.08889822,270910.626,36.49366856
"Spain","ESP","AG.LND.AGRI.ZS","2011",54.04096983,270547.593,36.5714373
"Spain","ESP","AG.LND.AGRI.ZS","2012",53.86137822,264779.402,36.61556287
"Spain","ESP","AG.LND.AGRI.ZS","2013",53.44395198,237034.88,36.68379203
"Spain","ESP","AG.LND.AGRI.ZS","2014",53.13368385,233976.602,36.75204461
"Spain","ESP","AG.LND.AGRI.ZS","2015",53.18906052,NA,36.8607287
"Spain","ESP","AG.LND.AGRI.ZS","2016",52.57724744,NA,36.93620953
"Spain","ESP","AG.LND.AGRI.ZS","2017",NA,NA,NA
"Spain","ESP","AG.LND.AGRI.ZS","2018",NA,NA,NA
